<?xml version="1.0" encoding="utf-8"?>
<annotation>
<folder>images</folder>
<filename>1efdf7d7-image_1751812630.jpeg</filename>
<source>
<database>MyDatabase</database>
<annotation>COCO2017</annotation>
<image>flickr</image>
<flickrid>NULL</flickrid>
<annotator>2</annotator>
</source>
<owner>
<flickrid>NULL</flickrid>
<name>Label Studio</name>
</owner>
<size>
<width>640</width>
<height>480</height>
<depth>3</depth>
</size>
<segmented>0</segmented>
<object>
<name>go around</name>
<pose>Unspecified</pose>
<truncated>0</truncated>
<difficult>0</difficult>
<bndbox>
<xmin>204</xmin>
<ymin>52</ymin>
<xmax>354</xmax>
<ymax>158</ymax>
</bndbox>
</object>
</annotation>
