<?xml version="1.0" encoding="utf-8"?>
<annotation>
<folder>images</folder>
<filename>48130f44-image_1751812737.jpeg</filename>
<source>
<database>MyDatabase</database>
<annotation>COCO2017</annotation>
<image>flickr</image>
<flickrid>NULL</flickrid>
<annotator>2</annotator>
</source>
<owner>
<flickrid>NULL</flickrid>
<name>Label Studio</name>
</owner>
<size>
<width>640</width>
<height>480</height>
<depth>3</depth>
</size>
<segmented>0</segmented>
<object>
<name>stop sign</name>
<pose>Unspecified</pose>
<truncated>0</truncated>
<difficult>0</difficult>
<bndbox>
<xmin>434</xmin>
<ymin>70</ymin>
<xmax>523</xmax>
<ymax>160</ymax>
</bndbox>
</object>
</annotation>
