<?xml version="1.0" encoding="utf-8"?>
<annotation>
<folder>images</folder>
<filename>8e7cd460-image_1751813086.jpeg</filename>
<source>
<database>MyDatabase</database>
<annotation>COCO2017</annotation>
<image>flickr</image>
<flickrid>NULL</flickrid>
<annotator>1</annotator>
</source>
<owner>
<flickrid>NULL</flickrid>
<name>Label Studio</name>
</owner>
<size>
<width>640</width>
<height>480</height>
<depth>3</depth>
</size>
<segmented>0</segmented>
<object>
<name>one way left</name>
<pose>Unspecified</pose>
<truncated>0</truncated>
<difficult>0</difficult>
<bndbox>
<xmin>490</xmin>
<ymin>156</ymin>
<xmax>616</xmax>
<ymax>234</ymax>
</bndbox>
</object>
</annotation>
