<?xml version="1.0" encoding="utf-8"?>
<annotation>
<folder>images</folder>
<filename>9e5f9e72-image_1751813984.jpeg</filename>
<source>
<database>MyDatabase</database>
<annotation>COCO2017</annotation>
<image>flickr</image>
<flickrid>NULL</flickrid>
<annotator>2</annotator>
</source>
<owner>
<flickrid>NULL</flickrid>
<name>Label Studio</name>
</owner>
<size>
<width>640</width>
<height>480</height>
<depth>3</depth>
</size>
<segmented>0</segmented>
<object>
<name>yield</name>
<pose>Unspecified</pose>
<truncated>0</truncated>
<difficult>0</difficult>
<bndbox>
<xmin>402</xmin>
<ymin>145</ymin>
<xmax>454</xmax>
<ymax>180</ymax>
</bndbox>
</object>
<object>
<name>yield</name>
<pose>Unspecified</pose>
<truncated>0</truncated>
<difficult>0</difficult>
<bndbox>
<xmin>420</xmin>
<ymin>111</ymin>
<xmax>434</xmax>
<ymax>115</ymax>
</bndbox>
</object>
</annotation>
