<?xml version="1.0" encoding="utf-8"?>
<annotation>
<folder>images</folder>
<filename>e53df85d-image_1751812387.jpeg</filename>
<source>
<database>MyDatabase</database>
<annotation>COCO2017</annotation>
<image>flickr</image>
<flickrid>NULL</flickrid>
<annotator>1</annotator>
</source>
<owner>
<flickrid>NULL</flickrid>
<name>Label Studio</name>
</owner>
<size>
<width>640</width>
<height>480</height>
<depth>3</depth>
</size>
<segmented>0</segmented>
<object>
<name>fake go around</name>
<pose>Unspecified</pose>
<truncated>0</truncated>
<difficult>0</difficult>
<bndbox>
<xmin>101</xmin>
<ymin>0</ymin>
<xmax>278</xmax>
<ymax>89</ymax>
</bndbox>
</object>
</annotation>
