<?xml version="1.0" encoding="utf-8"?>
<annotation>
<folder>images</folder>
<filename>6358fba4-image_1753985796.jpeg</filename>
<source>
<database>MyDatabase</database>
<annotation>COCO2017</annotation>
<image>flickr</image>
<flickrid>NULL</flickrid>
<annotator>1</annotator>
</source>
<owner>
<flickrid>NULL</flickrid>
<name>Label Studio</name>
</owner>
<size>
<width>640</width>
<height>480</height>
<depth>3</depth>
</size>
<segmented>0</segmented>
<object>
<name>go</name>
<pose>Unspecified</pose>
<truncated>0</truncated>
<difficult>0</difficult>
<bndbox>
<xmin>181</xmin>
<ymin>257</ymin>
<xmax>222</xmax>
<ymax>281</ymax>
</bndbox>
</object>
</annotation>
