<?xml version="1.0" encoding="utf-8"?>
<annotation>
<folder>images</folder>
<filename>39479075-image_1751812638.jpeg</filename>
<source>
<database>MyDatabase</database>
<annotation>COCO2017</annotation>
<image>flickr</image>
<flickrid>NULL</flickrid>
<annotator>2</annotator>
</source>
<owner>
<flickrid>NULL</flickrid>
<name>Label Studio</name>
</owner>
<size>
<width>640</width>
<height>480</height>
<depth>3</depth>
</size>
<segmented>0</segmented>
<object>
<name>go around</name>
<pose>Unspecified</pose>
<truncated>0</truncated>
<difficult>0</difficult>
<bndbox>
<xmin>385</xmin>
<ymin>121</ymin>
<xmax>499</xmax>
<ymax>239</ymax>
</bndbox>
</object>
</annotation>
