<?xml version="1.0" encoding="utf-8"?>
<annotation>
<folder>images</folder>
<filename>5bfc0323-image_1751814893.jpeg</filename>
<source>
<database>MyDatabase</database>
<annotation>COCO2017</annotation>
<image>flickr</image>
<flickrid>NULL</flickrid>
<annotator>1</annotator>
</source>
<owner>
<flickrid>NULL</flickrid>
<name>Label Studio</name>
</owner>
<size>
<width>640</width>
<height>480</height>
<depth>3</depth>
</size>
<segmented>0</segmented>
<object>
<name>stop sign</name>
<pose>Unspecified</pose>
<truncated>0</truncated>
<difficult>0</difficult>
<bndbox>
<xmin>329</xmin>
<ymin>225</ymin>
<xmax>348</xmax>
<ymax>244</ymax>
</bndbox>
</object>
</annotation>
