<?xml version="1.0" encoding="utf-8"?>
<annotation>
<folder>images</folder>
<filename>5e8b81aa-image_1751813072.jpeg</filename>
<source>
<database>MyDatabase</database>
<annotation>COCO2017</annotation>
<image>flickr</image>
<flickrid>NULL</flickrid>
<annotator>2</annotator>
</source>
<owner>
<flickrid>NULL</flickrid>
<name>Label Studio</name>
</owner>
<size>
<width>640</width>
<height>480</height>
<depth>3</depth>
</size>
<segmented>0</segmented>
<object>
<name>stop sign</name>
<pose>Unspecified</pose>
<truncated>0</truncated>
<difficult>0</difficult>
<bndbox>
<xmin>287</xmin>
<ymin>74</ymin>
<xmax>353</xmax>
<ymax>149</ymax>
</bndbox>
</object>
</annotation>
