<?xml version="1.0" encoding="utf-8"?>
<annotation>
<folder>images</folder>
<filename>5efa5e7c-image_1751813844.jpeg</filename>
<source>
<database>MyDatabase</database>
<annotation>COCO2017</annotation>
<image>flickr</image>
<flickrid>NULL</flickrid>
<annotator>2</annotator>
</source>
<owner>
<flickrid>NULL</flickrid>
<name>Label Studio</name>
</owner>
<size>
<width>640</width>
<height>480</height>
<depth>3</depth>
</size>
<segmented>0</segmented>
<object>
<name>fake stop</name>
<pose>Unspecified</pose>
<truncated>0</truncated>
<difficult>0</difficult>
<bndbox>
<xmin>297</xmin>
<ymin>208</ymin>
<xmax>347</xmax>
<ymax>264</ymax>
</bndbox>
</object>
</annotation>
