<?xml version="1.0" encoding="utf-8"?>
<annotation>
<folder>images</folder>
<filename>7215c710-image_1751814006.jpeg</filename>
<source>
<database>MyDatabase</database>
<annotation>COCO2017</annotation>
<image>flickr</image>
<flickrid>NULL</flickrid>
<annotator>2</annotator>
</source>
<owner>
<flickrid>NULL</flickrid>
<name>Label Studio</name>
</owner>
<size>
<width>640</width>
<height>480</height>
<depth>3</depth>
</size>
<segmented>0</segmented>
<object>
<name>fake stop</name>
<pose>Unspecified</pose>
<truncated>0</truncated>
<difficult>0</difficult>
<bndbox>
<xmin>265</xmin>
<ymin>223</ymin>
<xmax>289</xmax>
<ymax>247</ymax>
</bndbox>
</object>
</annotation>
