<?xml version="1.0" encoding="utf-8"?>
<annotation>
<folder>images</folder>
<filename>a0f0a9b7-image_1751815231.jpeg</filename>
<source>
<database>MyDatabase</database>
<annotation>COCO2017</annotation>
<image>flickr</image>
<flickrid>NULL</flickrid>
<annotator>2</annotator>
</source>
<owner>
<flickrid>NULL</flickrid>
<name>Label Studio</name>
</owner>
<size>
<width>640</width>
<height>480</height>
<depth>3</depth>
</size>
<segmented>0</segmented>
<object>
<name>yield</name>
<pose>Unspecified</pose>
<truncated>0</truncated>
<difficult>0</difficult>
<bndbox>
<xmin>233</xmin>
<ymin>103</ymin>
<xmax>319</xmax>
<ymax>175</ymax>
</bndbox>
</object>
</annotation>
