<?xml version="1.0" encoding="utf-8"?>
<annotation>
<folder>images</folder>
<filename>a124c33a-image_1751812471.jpeg</filename>
<source>
<database>MyDatabase</database>
<annotation>COCO2017</annotation>
<image>flickr</image>
<flickrid>NULL</flickrid>
<annotator>2</annotator>
</source>
<owner>
<flickrid>NULL</flickrid>
<name>Label Studio</name>
</owner>
<size>
<width>640</width>
<height>480</height>
<depth>3</depth>
</size>
<segmented>0</segmented>
<object>
<name>fake go around</name>
<pose>Unspecified</pose>
<truncated>0</truncated>
<difficult>0</difficult>
<bndbox>
<xmin>379</xmin>
<ymin>177</ymin>
<xmax>408</xmax>
<ymax>207</ymax>
</bndbox>
</object>
</annotation>
