<?xml version="1.0" encoding="utf-8"?>
<annotation>
<folder>images</folder>
<filename>0de61a9d-image_1751811861.jpeg</filename>
<source>
<database>MyDatabase</database>
<annotation>COCO2017</annotation>
<image>flickr</image>
<flickrid>NULL</flickrid>
<annotator>1</annotator>
</source>
<owner>
<flickrid>NULL</flickrid>
<name>Label Studio</name>
</owner>
<size>
<width>640</width>
<height>480</height>
<depth>3</depth>
</size>
<segmented>0</segmented>
<object>
<name>Car</name>
<pose>Unspecified</pose>
<truncated>0</truncated>
<difficult>0</difficult>
<bndbox>
<xmin>273</xmin>
<ymin>210</ymin>
<xmax>345</xmax>
<ymax>246</ymax>
</bndbox>
</object>
</annotation>
