<?xml version="1.0" encoding="utf-8"?>
<annotation>
<folder>images</folder>
<filename>2ae599dc-image_1751815337.jpeg</filename>
<source>
<database>MyDatabase</database>
<annotation>COCO2017</annotation>
<image>flickr</image>
<flickrid>NULL</flickrid>
<annotator>1</annotator>
</source>
<owner>
<flickrid>NULL</flickrid>
<name>Label Studio</name>
</owner>
<size>
<width>640</width>
<height>480</height>
<depth>3</depth>
</size>
<segmented>0</segmented>
<object>
<name>Car</name>
<pose>Unspecified</pose>
<truncated>0</truncated>
<difficult>0</difficult>
<bndbox>
<xmin>17</xmin>
<ymin>136</ymin>
<xmax>496</xmax>
<ymax>454</ymax>
</bndbox>
</object>
<object>
<name>Car</name>
<pose>Unspecified</pose>
<truncated>0</truncated>
<difficult>0</difficult>
<bndbox>
<xmin>594</xmin>
<ymin>193</ymin>
<xmax>636</xmax>
<ymax>346</ymax>
</bndbox>
</object>
</annotation>
