<?xml version="1.0" encoding="utf-8"?>
<annotation>
<folder>images</folder>
<filename>470099f4-image_1751811742.jpeg</filename>
<source>
<database>MyDatabase</database>
<annotation>COCO2017</annotation>
<image>flickr</image>
<flickrid>NULL</flickrid>
<annotator>1</annotator>
</source>
<owner>
<flickrid>NULL</flickrid>
<name>Label Studio</name>
</owner>
<size>
<width>640</width>
<height>480</height>
<depth>3</depth>
</size>
<segmented>0</segmented>
<object>
<name>Car</name>
<pose>Unspecified</pose>
<truncated>0</truncated>
<difficult>0</difficult>
<bndbox>
<xmin>174</xmin>
<ymin>156</ymin>
<xmax>487</xmax>
<ymax>372</ymax>
</bndbox>
</object>
<object>
<name>Car</name>
<pose>Unspecified</pose>
<truncated>0</truncated>
<difficult>0</difficult>
<bndbox>
<xmin>178</xmin>
<ymin>267</ymin>
<xmax>179</xmax>
<ymax>267</ymax>
</bndbox>
</object>
</annotation>
