<?xml version="1.0" encoding="utf-8"?>
<annotation>
<folder>images</folder>
<filename>9a0e5992-image_1751815326.jpeg</filename>
<source>
<database>MyDatabase</database>
<annotation>COCO2017</annotation>
<image>flickr</image>
<flickrid>NULL</flickrid>
<annotator>1</annotator>
</source>
<owner>
<flickrid>NULL</flickrid>
<name>Label Studio</name>
</owner>
<size>
<width>640</width>
<height>480</height>
<depth>3</depth>
</size>
<segmented>0</segmented>
<object>
<name>Car</name>
<pose>Unspecified</pose>
<truncated>0</truncated>
<difficult>0</difficult>
<bndbox>
<xmin>242</xmin>
<ymin>194</ymin>
<xmax>380</xmax>
<ymax>319</ymax>
</bndbox>
</object>
<object>
<name>Car</name>
<pose>Unspecified</pose>
<truncated>0</truncated>
<difficult>0</difficult>
<bndbox>
<xmin>4</xmin>
<ymin>146</ymin>
<xmax>123</xmax>
<ymax>368</ymax>
</bndbox>
</object>
</annotation>
